,Year-Month,Product Type,Percentage
0,202101,Term20,31.678560347502327
1,202101,Term10,30.90288551039404
2,202101,Term30,5.957182748991623
3,202101,ESTATE_SELECT_20_PAY,4.436860068259386
4,202101,TEN_YEAR_TERM_RENEWABLE_TO_75,4.374806081290723
5,202101,ESTATE_SELECT_PAY_TO_100,4.033509152963078
6,202101,TERM_LEVEL_PREMIUM_TO_75,3.568104250698107
7,202101,TWENTY_YEAR_TERM_RENEWABLE_TO_75,2.420105491777847
8,202101,ESTATE_ACHIEVER_PLUS_20_PAY,2.327024511324853
9,202101,Term65,2.202916537387527
10,202101,PERMANENT_LEVEL_PREMIUM_PAIDUP_AT_100_EXPIRY_100,1.7995656220912193
11,202101,WEALTH_SELECT_PAY_TO_100,1.2100527458889234
12,202101,WEALTH_SELECT_20_PAY,1.1479987589202605
13,202101,ESTATE_ACHIEVER_PLUS_PAY_TO_100,0.7446478436239529
14,202101,WEALTH_ACHIEVER_PLUS_20_PAY,0.6205398696866273
15,202101,PERMANENT_LEVEL_PREMIUM_PAIDUP_20_EXPIRY_100,0.589512876202296
16,202101,PERMANENT_LEVEL_PREMIUM_PAIDUP_15_EXPIRY_100,0.40335091529630784
17,202101,WEALTH_ACHIEVER_PLUS_PAY_TO_100,0.3412969283276451
18,202101,CHILD_LIFE_ADVANCE,0.3412969283276451
19,202101,ESTATE_SELECT_10_PAY,0.3412969283276451
20,202101,TERM_LEVEL_PREMIUM_TO_75_PAIDUP_20,0.2792429413589823
21,202101,WEALTH_SELECT_10_PAY,0.15513496742165683
22,202101,ESTATE_ACHIEVER_PLUS_10_PAY,0.09308098045299411
23,202101,WEALTH_GENERATOR_20_PAY,0.031026993484331366
24,202102,Term20,36.11641221374045
25,202102,Term10,27.361641221374043
26,202102,Term30,6.226145038167939
27,202102,ESTATE_SELECT_20_PAY,4.723282442748092
28,202102,TEN_YEAR_TERM_RENEWABLE_TO_75,4.413167938931298
29,202102,ESTATE_SELECT_PAY_TO_100,3.9122137404580157
30,202102,TERM_LEVEL_PREMIUM_TO_75,3.6736641221374047
31,202102,TWENTY_YEAR_TERM_RENEWABLE_TO_75,2.385496183206107
32,202102,ESTATE_ACHIEVER_PLUS_20_PAY,2.385496183206107
33,202102,Term65,2.2423664122137406
34,202102,ESTATE_ACHIEVER_PLUS_PAY_TO_100,1.1211832061068703
35,202102,WEALTH_SELECT_PAY_TO_100,1.025763358778626
36,202102,WEALTH_SELECT_20_PAY,0.9780534351145039
37,202102,PERMANENT_LEVEL_PREMIUM_PAIDUP_AT_100_EXPIRY_100,0.9541984732824428
38,202102,PERMANENT_LEVEL_PREMIUM_PAIDUP_20_EXPIRY_100,0.6440839694656488
39,202102,WEALTH_ACHIEVER_PLUS_20_PAY,0.6202290076335878
40,202102,CHILD_LIFE_ADVANCE,0.4532442748091603
41,202102,WEALTH_ACHIEVER_PLUS_PAY_TO_100,0.19083969465648853
42,202102,ESTATE_SELECT_10_PAY,0.16698473282442747
43,202102,WEALTH_SELECT_10_PAY,0.11927480916030535
44,202102,TERM_LEVEL_PREMIUM_TO_75_PAIDUP_20,0.11927480916030535
45,202102,ESTATE_ACHIEVER_PLUS_10_PAY,0.09541984732824427
46,202102,PERMANENT_LEVEL_PREMIUM_PAIDUP_15_EXPIRY_100,0.0715648854961832
47,202103,Term20,35.06600660066007
48,202103,Term10,28.052805280528055
49,202103,Term30,5.754950495049505
50,202103,TEN_YEAR_TERM_RENEWABLE_TO_75,4.393564356435643
51,202103,TERM_LEVEL_PREMIUM_TO_75,4.29042904290429
52,202103,ESTATE_SELECT_20_PAY,4.166666666666666
53,202103,TWENTY_YEAR_TERM_RENEWABLE_TO_75,3.341584158415842
54,202103,ESTATE_SELECT_PAY_TO_100,3.1353135313531353
55,202103,Term65,2.599009900990099
56,202103,ESTATE_ACHIEVER_PLUS_20_PAY,2.495874587458746
57,202103,WEALTH_SELECT_20_PAY,1.0107260726072607
58,202103,WEALTH_SELECT_PAY_TO_100,0.8663366336633664
59,202103,PERMANENT_LEVEL_PREMIUM_PAIDUP_20_EXPIRY_100,0.8457095709570958
60,202103,PERMANENT_LEVEL_PREMIUM_PAIDUP_AT_100_EXPIRY_100,0.825082508250825
61,202103,WEALTH_ACHIEVER_PLUS_20_PAY,0.5363036303630363
62,202103,ESTATE_ACHIEVER_PLUS_PAY_TO_100,0.5156765676567656
63,202103,CHILD_LIFE_ADVANCE,0.4744224422442244
64,202103,ESTATE_ACHIEVER_PLUS_10_PAY,0.3712871287128713
65,202103,WEALTH_ACHIEVER_PLUS_PAY_TO_100,0.35066006600660066
66,202103,PERMANENT_LEVEL_PREMIUM_PAIDUP_15_EXPIRY_100,0.33003300330033003
67,202103,TERM_LEVEL_PREMIUM_TO_75_PAIDUP_20,0.20627062706270624
68,202103,WEALTH_ACHIEVER_PLUS_10_PAY,0.1443894389438944
69,202103,ESTATE_SELECT_10_PAY,0.12376237623762376
70,202103,WEALTH_SELECT_10_PAY,0.10313531353135312
71,202104,TERM,58.76519513755598
72,202104,TEN_YEAR_TERM_RENEWABLE_TO_75,5.726167626359565
73,202104,ESTATE_SELECT_20_PAY,4.670505438259757
74,202104,TERM_LEVEL_PREMIUM_TO_75,4.606525911708253
75,202104,ESTATE_SELECT_PAY_TO_100,4.062699936020473
76,202104,Term10,3.486884197056942
77,202104,TWENTY_YEAR_TERM_RENEWABLE_TO_75,3.262955854126679
78,202104,ESTATE_ACHIEVER_PLUS_20_PAY,2.8790786948176583
79,202104,Term20,2.495201535508637
80,202104,WEALTH_SELECT_20_PAY,1.471529110684581
81,202104,PERMANENT_LEVEL_PREMIUM_PAIDUP_AT_100_EXPIRY_100,1.4075495841330774
82,202104,PERMANENT_LEVEL_PREMIUM_PAIDUP_20_EXPIRY_100,1.2476007677543186
83,202104,WEALTH_SELECT_PAY_TO_100,1.1196417146513116
84,202104,ESTATE_ACHIEVER_PLUS_PAY_TO_100,1.055662188099808
85,202104,WEALTH_ACHIEVER_PLUS_20_PAY,0.799744081893794
86,202104,WEALTH_ACHIEVER_PLUS_PAY_TO_100,0.6078055022392834
87,202104,CHILD_LIFE_ADVANCE,0.5758157389635317
88,202104,Term30,0.47984644913627633
89,202104,PERMANENT_LEVEL_PREMIUM_PAIDUP_15_EXPIRY_100,0.3838771593090211
90,202104,TERM_LEVEL_PREMIUM_TO_75_PAIDUP_20,0.19193857965451055
91,202104,ESTATE_ACHIEVER_PLUS_10_PAY,0.19193857965451055
92,202104,ESTATE_SELECT_10_PAY,0.1599488163787588
93,202104,Term65,0.12795905310300704
94,202104,WEALTH_SELECT_10_PAY,0.12795905310300704
95,202104,WEALTH_ACHIEVER_PLUS_10_PAY,0.09596928982725528
96,202105,TERM,61.87880731003526
97,202105,TERM_LEVEL_PREMIUM_TO_75,5.931388265469701
98,202105,TEN_YEAR_TERM_RENEWABLE_TO_75,5.290157101635139
99,202105,ESTATE_SELECT_20_PAY,4.616864379608849
100,202105,ESTATE_SELECT_PAY_TO_100,4.200064123116384
101,202105,TWENTY_YEAR_TERM_RENEWABLE_TO_75,3.815325424815646
102,202105,ESTATE_ACHIEVER_PLUS_20_PAY,3.687079192048734
103,202105,PERMANENT_LEVEL_PREMIUM_PAIDUP_AT_100_EXPIRY_100,1.6672010259698622
104,202105,WEALTH_SELECT_PAY_TO_100,1.4748316768194933
105,202105,WEALTH_SELECT_20_PAY,1.4427701186277653
106,202105,ESTATE_ACHIEVER_PLUS_PAY_TO_100,1.4107085604360372
107,202105,PERMANENT_LEVEL_PREMIUM_PAIDUP_20_EXPIRY_100,1.3145238858608528
108,202105,WEALTH_ACHIEVER_PLUS_20_PAY,0.8656620711766592
109,202105,CHILD_LIFE_ADVANCE,0.5129849310676499
110,202105,TERM_LEVEL_PREMIUM_TO_75_PAIDUP_20,0.44886181468419367
111,202105,WEALTH_ACHIEVER_PLUS_PAY_TO_100,0.3847386983007374
112,202105,ESTATE_SELECT_10_PAY,0.28855402372555305
113,202105,ESTATE_ACHIEVER_PLUS_10_PAY,0.28855402372555305
114,202105,PERMANENT_LEVEL_PREMIUM_PAIDUP_15_EXPIRY_100,0.25649246553382493
115,202105,Term10,0.09618467457518436
116,202105,WEALTH_SELECT_10_PAY,0.06412311638345623
117,202105,WEALTH_ACHIEVER_PLUS_10_PAY,0.032061558191728116
118,202105,Term20,0.032061558191728116
119,202106,TERM,63.12754409769335
120,202106,TERM_LEVEL_PREMIUM_TO_75,5.664857530529172
121,202106,ESTATE_SELECT_20_PAY,5.495251017639077
122,202106,TEN_YEAR_TERM_RENEWABLE_TO_75,4.715061058344641
123,202106,ESTATE_SELECT_PAY_TO_100,3.4938941655359566
124,202106,ESTATE_ACHIEVER_PLUS_20_PAY,3.4599728629579376
125,202106,TWENTY_YEAR_TERM_RENEWABLE_TO_75,3.2225237449118045
126,202106,PERMANENT_LEVEL_PREMIUM_PAIDUP_AT_100_EXPIRY_100,1.5603799185888738
127,202106,PERMANENT_LEVEL_PREMIUM_PAIDUP_20_EXPIRY_100,1.5264586160108549
128,202106,WEALTH_SELECT_20_PAY,1.4586160108548167
129,202106,ESTATE_ACHIEVER_PLUS_PAY_TO_100,1.2211668928086838
130,202106,WEALTH_ACHIEVER_PLUS_20_PAY,1.0515603799185889
131,202106,WEALTH_SELECT_PAY_TO_100,0.983717774762551
132,202106,CHILD_LIFE_ADVANCE,0.8819538670284939
133,202106,WEALTH_ACHIEVER_PLUS_PAY_TO_100,0.5766621438263229
134,202106,TERM_LEVEL_PREMIUM_TO_75_PAIDUP_20,0.5427408412483039
135,202106,ESTATE_ACHIEVER_PLUS_10_PAY,0.44097693351424694
136,202106,PERMANENT_LEVEL_PREMIUM_PAIDUP_15_EXPIRY_100,0.27137042062415195
137,202106,WEALTH_ACHIEVER_PLUS_10_PAY,0.10176390773405698
138,202106,WEALTH_SELECT_10_PAY,0.06784260515603799
139,202106,ESTATE_SELECT_10_PAY,0.06784260515603799
140,202106,Term20,0.033921302578018994
141,202106,Term30,0.033921302578018994
142,202107,TERM,63.09623430962343
143,202107,ESTATE_SELECT_20_PAY,6.610878661087866
144,202107,TERM_LEVEL_PREMIUM_TO_75,5.690376569037657
145,202107,ESTATE_SELECT_PAY_TO_100,4.351464435146443
146,202107,TEN_YEAR_TERM_RENEWABLE_TO_75,4.2677824267782425
147,202107,TWENTY_YEAR_TERM_RENEWABLE_TO_75,3.6401673640167367
148,202107,ESTATE_ACHIEVER_PLUS_20_PAY,2.4686192468619246
149,202107,PERMANENT_LEVEL_PREMIUM_PAIDUP_AT_100_EXPIRY_100,1.5481171548117154
150,202107,WEALTH_SELECT_20_PAY,1.506276150627615
151,202107,WEALTH_SELECT_PAY_TO_100,1.2552301255230125
152,202107,PERMANENT_LEVEL_PREMIUM_PAIDUP_20_EXPIRY_100,1.1715481171548117
153,202107,WEALTH_ACHIEVER_PLUS_PAY_TO_100,0.8786610878661089
154,202107,WEALTH_ACHIEVER_PLUS_20_PAY,0.7949790794979079
155,202107,TERM_LEVEL_PREMIUM_TO_75_PAIDUP_20,0.6694560669456067
156,202107,ESTATE_ACHIEVER_PLUS_PAY_TO_100,0.6276150627615062
157,202107,CHILD_LIFE_ADVANCE,0.33472803347280333
158,202107,PERMANENT_LEVEL_PREMIUM_PAIDUP_15_EXPIRY_100,0.33472803347280333
159,202107,ESTATE_ACHIEVER_PLUS_10_PAY,0.2928870292887029
160,202107,WEALTH_ACHIEVER_PLUS_10_PAY,0.2510460251046025
161,202107,ESTATE_SELECT_10_PAY,0.08368200836820083
162,202107,WEALTH_SELECT_10_PAY,0.08368200836820083
163,202107,Term20,0.04184100418410042
164,202108,TERM,60.451727192205496
165,202108,ESTATE_SELECT_20_PAY,5.181576616474756
166,202108,TERM_LEVEL_PREMIUM_TO_75,5.181576616474756
167,202108,ESTATE_SELECT_PAY_TO_100,5.093002657218778
168,202108,TEN_YEAR_TERM_RENEWABLE_TO_75,4.738706820194863
169,202108,ESTATE_ACHIEVER_PLUS_20_PAY,3.3215234720992024
170,202108,TWENTY_YEAR_TERM_RENEWABLE_TO_75,3.2329495128432244
171,202108,PERMANENT_LEVEL_PREMIUM_PAIDUP_AT_100_EXPIRY_100,2.2586359610274576
172,202108,WEALTH_SELECT_20_PAY,1.9043401240035431
173,202108,ESTATE_ACHIEVER_PLUS_PAY_TO_100,1.4614703277236492
174,202108,WEALTH_SELECT_PAY_TO_100,1.41718334809566
175,202108,PERMANENT_LEVEL_PREMIUM_PAIDUP_20_EXPIRY_100,1.2400354295837024
176,202108,WEALTH_ACHIEVER_PLUS_20_PAY,1.0186005314437556
177,202108,PERMANENT_LEVEL_PREMIUM_PAIDUP_15_EXPIRY_100,0.7971656333038087
178,202108,CHILD_LIFE_ADVANCE,0.6643046944198405
179,202108,WEALTH_ACHIEVER_PLUS_PAY_TO_100,0.48715677590788303
180,202108,ESTATE_SELECT_10_PAY,0.48715677590788303
181,202108,WEALTH_SELECT_10_PAY,0.39858281665190437
182,202108,TERM_LEVEL_PREMIUM_TO_75_PAIDUP_20,0.354295837023915
183,202108,ESTATE_ACHIEVER_PLUS_10_PAY,0.1771479185119575
184,202108,WEALTH_ACHIEVER_PLUS_10_PAY,0.1328609388839681
185,202109,TERM,64.66165413533834
186,202109,ESTATE_SELECT_PAY_TO_100,4.8674317372378315
187,202109,ESTATE_SELECT_20_PAY,4.82785912148793
188,202109,TERM_LEVEL_PREMIUM_TO_75,4.748713889988128
189,202109,TEN_YEAR_TERM_RENEWABLE_TO_75,4.629996042738425
190,202109,ESTATE_ACHIEVER_PLUS_20_PAY,3.2449544914918875
191,202109,TWENTY_YEAR_TERM_RENEWABLE_TO_75,2.5326474079936685
192,202109,WEALTH_SELECT_PAY_TO_100,1.8994855559952513
193,202109,PERMANENT_LEVEL_PREMIUM_PAIDUP_20_EXPIRY_100,1.4641867827463395
194,202109,PERMANENT_LEVEL_PREMIUM_PAIDUP_AT_100_EXPIRY_100,1.187178472497032
195,202109,ESTATE_ACHIEVER_PLUS_PAY_TO_100,1.187178472497032
196,202109,WEALTH_ACHIEVER_PLUS_20_PAY,1.147605856747131
197,202109,WEALTH_SELECT_20_PAY,1.10803324099723
198,202109,CHILD_LIFE_ADVANCE,0.8310249307479225
199,202109,WEALTH_ACHIEVER_PLUS_PAY_TO_100,0.593589236248516
200,202109,ESTATE_ACHIEVER_PLUS_10_PAY,0.31658092599920856
201,202109,ESTATE_SELECT_10_PAY,0.2770083102493075
202,202109,PERMANENT_LEVEL_PREMIUM_PAIDUP_15_EXPIRY_100,0.2374356944994064
203,202109,TERM_LEVEL_PREMIUM_TO_75_PAIDUP_20,0.1187178472497032
204,202109,WEALTH_ACHIEVER_PLUS_10_PAY,0.07914523149980214
205,202109,Term10,0.03957261574990107
206,202110,TERM,61.356179365658036
207,202110,TERM_LEVEL_PREMIUM_TO_75,5.650747356908494
208,202110,TEN_YEAR_TERM_RENEWABLE_TO_75,5.322639445862195
209,202110,ESTATE_SELECT_20_PAY,5.103900838497995
210,202110,ESTATE_SELECT_PAY_TO_100,4.593510754648196
211,202110,ESTATE_ACHIEVER_PLUS_20_PAY,3.645643456069996
212,202110,TWENTY_YEAR_TERM_RENEWABLE_TO_75,3.2081662413415963
213,202110,WEALTH_SELECT_PAY_TO_100,1.7863652934742982
214,202110,PERMANENT_LEVEL_PREMIUM_PAIDUP_AT_100_EXPIRY_100,1.5311702515493983
215,202110,WEALTH_SELECT_20_PAY,1.4947138169886984
216,202110,WEALTH_ACHIEVER_PLUS_20_PAY,1.1301494713816989
217,202110,PERMANENT_LEVEL_PREMIUM_PAIDUP_20_EXPIRY_100,1.1301494713816989
218,202110,CHILD_LIFE_ADVANCE,1.020780167699599
219,202110,ESTATE_ACHIEVER_PLUS_PAY_TO_100,0.8020415603353991
220,202110,WEALTH_ACHIEVER_PLUS_PAY_TO_100,0.5103900838497994
221,202110,ESTATE_SELECT_10_PAY,0.43747721472839957
222,202110,PERMANENT_LEVEL_PREMIUM_PAIDUP_15_EXPIRY_100,0.40102078016769954
223,202110,ESTATE_ACHIEVER_PLUS_10_PAY,0.40102078016769954
224,202110,TERM_LEVEL_PREMIUM_TO_75_PAIDUP_20,0.2551950419248997
225,202110,WEALTH_SELECT_10_PAY,0.14582573824279985
226,202110,WEALTH_ACHIEVER_PLUS_10_PAY,0.07291286912139992
227,202111,TERM,74.30225346289022
228,202111,TEN_YEAR_TERM_RENEWABLE_TO_75,4.134794293983874
229,202111,TERM_LEVEL_PREMIUM_TO_75,3.411205292536696
230,202111,ESTATE_SELECT_20_PAY,3.059747777548067
231,202111,ESTATE_SELECT_PAY_TO_100,2.997725863138309
232,202111,TWENTY_YEAR_TERM_RENEWABLE_TO_75,2.7082902625594376
233,202111,ESTATE_ACHIEVER_PLUS_20_PAY,2.046723175522018
234,202111,WEALTH_SELECT_PAY_TO_100,1.054372544965888
235,202111,WEALTH_SELECT_20_PAY,1.0336985734959685
236,202111,PERMANENT_LEVEL_PREMIUM_PAIDUP_AT_100_EXPIRY_100,0.9510026876162911
237,202111,WEALTH_ACHIEVER_PLUS_20_PAY,0.9303287161463718
238,202111,PERMANENT_LEVEL_PREMIUM_PAIDUP_20_EXPIRY_100,0.8269588587967749
239,202111,ESTATE_ACHIEVER_PLUS_PAY_TO_100,0.6202191440975812
240,202111,PERMANENT_LEVEL_PREMIUM_PAIDUP_15_EXPIRY_100,0.3721314864585487
241,202111,WEALTH_ACHIEVER_PLUS_PAY_TO_100,0.3514575149886293
242,202111,CHILD_LIFE_ADVANCE,0.3514575149886293
243,202111,ESTATE_ACHIEVER_PLUS_10_PAY,0.26876162910895185
244,202111,WEALTH_ACHIEVER_PLUS_10_PAY,0.20673971469919372
245,202111,ESTATE_SELECT_10_PAY,0.18606574322927436
246,202111,TERM_LEVEL_PREMIUM_TO_75_PAIDUP_20,0.16539177175935496
247,202111,WEALTH_SELECT_10_PAY,0.02067397146991937
248,202112,TERM,77.54532775453278
249,202112,TERM_LEVEL_PREMIUM_TO_75,3.533240353324035
250,202112,TEN_YEAR_TERM_RENEWABLE_TO_75,3.1845653184565315
251,202112,ESTATE_SELECT_PAY_TO_100,3.1845653184565315
252,202112,ESTATE_SELECT_20_PAY,2.928870292887029
253,202112,TWENTY_YEAR_TERM_RENEWABLE_TO_75,1.906090190609019
254,202112,ESTATE_ACHIEVER_PLUS_20_PAY,1.3249651324965133
255,202112,WEALTH_SELECT_PAY_TO_100,1.0460251046025104
256,202112,WEALTH_SELECT_20_PAY,0.9298000929800093
257,202112,PERMANENT_LEVEL_PREMIUM_PAIDUP_20_EXPIRY_100,0.7670850767085077
258,202112,PERMANENT_LEVEL_PREMIUM_PAIDUP_AT_100_EXPIRY_100,0.7438400743840075
259,202112,ESTATE_ACHIEVER_PLUS_PAY_TO_100,0.697350069735007
260,202112,WEALTH_ACHIEVER_PLUS_20_PAY,0.46490004649000466
261,202112,WEALTH_ACHIEVER_PLUS_PAY_TO_100,0.3719200371920037
262,202112,TERM_LEVEL_PREMIUM_TO_75_PAIDUP_20,0.3254300325430033
263,202112,CHILD_LIFE_ADVANCE,0.2789400278940028
264,202112,PERMANENT_LEVEL_PREMIUM_PAIDUP_15_EXPIRY_100,0.2789400278940028
265,202112,ESTATE_SELECT_10_PAY,0.1394700139470014
266,202112,ESTATE_ACHIEVER_PLUS_10_PAY,0.11622501162250116
267,202112,WEALTH_SELECT_10_PAY,0.11622501162250116
268,202112,WEALTH_ACHIEVER_PLUS_10_PAY,0.09298000929800093
269,202112,Term20,0.023245002324500233
270,202201,TERM,77.75025799793602
271,202201,TERM_LEVEL_PREMIUM_TO_75,3.611971104231166
272,202201,TEN_YEAR_TERM_RENEWABLE_TO_75,3.0546955624355006
273,202201,ESTATE_SELECT_PAY_TO_100,2.7244582043343657
274,202201,ESTATE_SELECT_20_PAY,2.414860681114551
275,202201,TWENTY_YEAR_TERM_RENEWABLE_TO_75,2.2497420020639836
276,202201,ESTATE_ACHIEVER_PLUS_20_PAY,2.1878224974200204
277,202201,WEALTH_SELECT_PAY_TO_100,1.197110423116615
278,202201,WEALTH_SELECT_20_PAY,0.804953560371517
279,202201,PERMANENT_LEVEL_PREMIUM_PAIDUP_AT_100_EXPIRY_100,0.7223942208462332
280,202201,PERMANENT_LEVEL_PREMIUM_PAIDUP_20_EXPIRY_100,0.7017543859649122
281,202201,WEALTH_ACHIEVER_PLUS_20_PAY,0.5779153766769866
282,202201,ESTATE_ACHIEVER_PLUS_PAY_TO_100,0.4540763673890609
283,202201,WEALTH_ACHIEVER_PLUS_PAY_TO_100,0.37151702786377705
284,202201,CHILD_LIFE_ADVANCE,0.3508771929824561
285,202201,WEALTH_SELECT_10_PAY,0.18575851393188852
286,202201,PERMANENT_LEVEL_PREMIUM_PAIDUP_15_EXPIRY_100,0.1651186790505676
287,202201,ESTATE_SELECT_10_PAY,0.14447884416924664
288,202201,TERM_LEVEL_PREMIUM_TO_75_PAIDUP_20,0.14447884416924664
289,202201,ESTATE_ACHIEVER_PLUS_10_PAY,0.12383900928792571
290,202201,WEALTH_ACHIEVER_PLUS_10_PAY,0.0412796697626419
291,202201,Term10,0.02063983488132095
292,202202,TERM,76.17896009673518
293,202202,ESTATE_SELECT_20_PAY,3.688029020556227
294,202202,TERM_LEVEL_PREMIUM_TO_75,3.6074163643692057
295,202202,TEN_YEAR_TERM_RENEWABLE_TO_75,3.466344216041919
296,202202,ESTATE_SELECT_PAY_TO_100,3.0632809351068118
297,202202,TWENTY_YEAR_TERM_RENEWABLE_TO_75,2.1160822249093107
298,202202,ESTATE_ACHIEVER_PLUS_20_PAY,1.652559451833938
299,202202,WEALTH_SELECT_20_PAY,0.9875050382910117
300,202202,WEALTH_SELECT_PAY_TO_100,0.8867392180572351
301,202202,WEALTH_ACHIEVER_PLUS_20_PAY,0.8665860540104797
302,202202,ESTATE_ACHIEVER_PLUS_PAY_TO_100,0.7456670697299477
303,202202,PERMANENT_LEVEL_PREMIUM_PAIDUP_AT_100_EXPIRY_100,0.6852075775896815
304,202202,PERMANENT_LEVEL_PREMIUM_PAIDUP_20_EXPIRY_100,0.6045949214026602
305,202202,CHILD_LIFE_ADVANCE,0.28214429665457474
306,202202,TERM_LEVEL_PREMIUM_TO_75_PAIDUP_20,0.24183796856106407
307,202202,WEALTH_ACHIEVER_PLUS_PAY_TO_100,0.24183796856106407
308,202202,ESTATE_ACHIEVER_PLUS_10_PAY,0.2015316404675534
309,202202,WEALTH_SELECT_10_PAY,0.18137847642079807
310,202202,PERMANENT_LEVEL_PREMIUM_PAIDUP_15_EXPIRY_100,0.18137847642079807
311,202202,ESTATE_SELECT_10_PAY,0.06045949214026602
312,202202,WEALTH_ACHIEVER_PLUS_10_PAY,0.06045949214026602
313,202203,TERM,75.98499061913697
314,202203,TERM_LEVEL_PREMIUM_TO_75,3.4896810506566602
315,202203,ESTATE_SELECT_PAY_TO_100,3.4333958724202627
316,202203,TEN_YEAR_TERM_RENEWABLE_TO_75,3.189493433395872
317,202203,ESTATE_SELECT_20_PAY,3.076923076923077
318,202203,TWENTY_YEAR_TERM_RENEWABLE_TO_75,2.176360225140713
319,202203,ESTATE_ACHIEVER_PLUS_20_PAY,1.6510318949343339
320,202203,WEALTH_SELECT_PAY_TO_100,1.1819887429643527
321,202203,PERMANENT_LEVEL_PREMIUM_PAIDUP_20_EXPIRY_100,0.9943714821763603
322,202203,PERMANENT_LEVEL_PREMIUM_PAIDUP_AT_100_EXPIRY_100,0.9943714821763603
323,202203,ESTATE_ACHIEVER_PLUS_PAY_TO_100,0.7879924953095686
324,202203,WEALTH_SELECT_20_PAY,0.6378986866791745
325,202203,CHILD_LIFE_ADVANCE,0.600375234521576
326,202203,WEALTH_ACHIEVER_PLUS_PAY_TO_100,0.5816135084427768
327,202203,WEALTH_ACHIEVER_PLUS_20_PAY,0.35647279549718575
328,202203,ESTATE_SELECT_10_PAY,0.24390243902439024
329,202203,PERMANENT_LEVEL_PREMIUM_PAIDUP_15_EXPIRY_100,0.16885553470919323
330,202203,TERM_LEVEL_PREMIUM_TO_75_PAIDUP_20,0.150093808630394
331,202203,ESTATE_ACHIEVER_PLUS_10_PAY,0.1125703564727955
332,202203,WEALTH_ACHIEVER_PLUS_10_PAY,0.09380863039399624
333,202203,WEALTH_SELECT_10_PAY,0.075046904315197
334,202203,Term10,0.01876172607879925
335,202204,TERM,68.69082598759387
336,202204,TEN_YEAR_TERM_RENEWABLE_TO_75,4.472739144629449
337,202204,ESTATE_SELECT_20_PAY,4.374795951681358
338,202204,ESTATE_SELECT_PAY_TO_100,4.276852758733268
339,202204,TERM_LEVEL_PREMIUM_TO_75,4.080966372837088
340,202204,ESTATE_ACHIEVER_PLUS_20_PAY,2.546523016650343
341,202204,TWENTY_YEAR_TERM_RENEWABLE_TO_75,2.513875285667646
342,202204,WEALTH_SELECT_PAY_TO_100,1.8935683969964086
343,202204,ESTATE_ACHIEVER_PLUS_PAY_TO_100,1.305909239307868
344,202204,PERMANENT_LEVEL_PREMIUM_PAIDUP_AT_100_EXPIRY_100,1.2079660463597781
345,202204,WEALTH_SELECT_20_PAY,0.9141364675155077
346,202204,PERMANENT_LEVEL_PREMIUM_PAIDUP_20_EXPIRY_100,0.652954619653934
347,202204,WEALTH_ACHIEVER_PLUS_PAY_TO_100,0.652954619653934
348,202204,WEALTH_ACHIEVER_PLUS_20_PAY,0.6203068886712374
349,202204,CHILD_LIFE_ADVANCE,0.4244205027750571
350,202204,ESTATE_SELECT_10_PAY,0.3917727717923604
351,202204,ESTATE_ACHIEVER_PLUS_10_PAY,0.3917727717923604
352,202204,PERMANENT_LEVEL_PREMIUM_PAIDUP_15_EXPIRY_100,0.1958863858961802
353,202204,WEALTH_ACHIEVER_PLUS_10_PAY,0.1632386549134835
354,202204,WEALTH_SELECT_10_PAY,0.1305909239307868
355,202204,TERM_LEVEL_PREMIUM_TO_75_PAIDUP_20,0.0979431929480901
356,202205,TERM,68.19739547635366
357,202205,TERM_LEVEL_PREMIUM_TO_75,4.934886908841672
358,202205,ESTATE_SELECT_PAY_TO_100,4.592186429061001
359,202205,TEN_YEAR_TERM_RENEWABLE_TO_75,4.283755997258396
360,202205,ESTATE_SELECT_20_PAY,3.598355037697053
361,202205,TWENTY_YEAR_TERM_RENEWABLE_TO_75,3.015764222069911
362,202205,ESTATE_ACHIEVER_PLUS_20_PAY,2.3646333104866346
363,202205,WEALTH_SELECT_PAY_TO_100,1.644962302947224
364,202205,WEALTH_SELECT_20_PAY,1.4736120630568883
365,202205,PERMANENT_LEVEL_PREMIUM_PAIDUP_AT_100_EXPIRY_100,1.3365318711446197
366,202205,WEALTH_ACHIEVER_PLUS_20_PAY,0.9252912954078136
367,202205,ESTATE_ACHIEVER_PLUS_PAY_TO_100,0.8567511994516792
368,202205,PERMANENT_LEVEL_PREMIUM_PAIDUP_20_EXPIRY_100,0.6854009595613434
369,202205,WEALTH_ACHIEVER_PLUS_PAY_TO_100,0.5825908156271419
370,202205,CHILD_LIFE_ADVANCE,0.47978067169294036
371,202205,ESTATE_ACHIEVER_PLUS_10_PAY,0.3427004797806717
372,202205,ESTATE_SELECT_10_PAY,0.205620287868403
373,202205,TERM_LEVEL_PREMIUM_TO_75_PAIDUP_20,0.1370801919122687
374,202205,WEALTH_SELECT_10_PAY,0.1370801919122687
375,202205,PERMANENT_LEVEL_PREMIUM_PAIDUP_15_EXPIRY_100,0.1028101439342015
376,202205,WEALTH_ACHIEVER_PLUS_10_PAY,0.1028101439342015
377,202206,TERM,69.52890076845975
378,202206,ESTATE_SELECT_20_PAY,4.3434680922151685
379,202206,TERM_LEVEL_PREMIUM_TO_75,4.276645506181089
380,202206,ESTATE_SELECT_PAY_TO_100,3.9759438690277316
381,202206,TEN_YEAR_TERM_RENEWABLE_TO_75,3.7420648179084535
382,202206,TWENTY_YEAR_TERM_RENEWABLE_TO_75,3.040427664550618
383,202206,ESTATE_ACHIEVER_PLUS_20_PAY,2.4056130972268623
384,202206,WEALTH_SELECT_PAY_TO_100,1.937854994988306
385,202206,WEALTH_SELECT_20_PAY,1.236217841630471
386,202206,ESTATE_ACHIEVER_PLUS_PAY_TO_100,1.0357500835282325
387,202206,WEALTH_ACHIEVER_PLUS_20_PAY,0.835282325425994
388,202206,PERMANENT_LEVEL_PREMIUM_PAIDUP_20_EXPIRY_100,0.8018710324089542
389,202206,PERMANENT_LEVEL_PREMIUM_PAIDUP_AT_100_EXPIRY_100,0.6348145673237554
390,202206,CHILD_LIFE_ADVANCE,0.6014032743067156
391,202206,WEALTH_ACHIEVER_PLUS_PAY_TO_100,0.3675242231874373
392,202206,ESTATE_ACHIEVER_PLUS_10_PAY,0.3675242231874373
393,202206,TERM_LEVEL_PREMIUM_TO_75_PAIDUP_20,0.3007016371533578
394,202206,ESTATE_SELECT_10_PAY,0.3007016371533578
395,202206,WEALTH_ACHIEVER_PLUS_10_PAY,0.13364517206815904
396,202206,PERMANENT_LEVEL_PREMIUM_PAIDUP_15_EXPIRY_100,0.10023387905111927
397,202206,WEALTH_SELECT_10_PAY,0.03341129301703976
398,202207,TERM,69.7444352844188
399,202207,ESTATE_SELECT_PAY_TO_100,5.111294311624072
400,202207,ESTATE_SELECT_20_PAY,4.369332234130256
401,202207,TEN_YEAR_TERM_RENEWABLE_TO_75,3.338829348722176
402,202207,TERM_LEVEL_PREMIUM_TO_75,3.0915086562242378
403,202207,ESTATE_ACHIEVER_PLUS_20_PAY,2.431986809563067
404,202207,TWENTY_YEAR_TERM_RENEWABLE_TO_75,2.267106347897774
405,202207,WEALTH_SELECT_PAY_TO_100,1.6900247320692496
406,202207,WEALTH_SELECT_20_PAY,1.277823577906018
407,202207,PERMANENT_LEVEL_PREMIUM_PAIDUP_20_EXPIRY_100,1.1541632316570487
408,202207,WEALTH_ACHIEVER_PLUS_20_PAY,1.1129431162407255
409,202207,WEALTH_ACHIEVER_PLUS_PAY_TO_100,0.9068425391591096
410,202207,ESTATE_ACHIEVER_PLUS_PAY_TO_100,0.7831821929101401
411,202207,CHILD_LIFE_ADVANCE,0.741962077493817
412,202207,PERMANENT_LEVEL_PREMIUM_PAIDUP_AT_100_EXPIRY_100,0.6183017312448474
413,202207,PERMANENT_LEVEL_PREMIUM_PAIDUP_15_EXPIRY_100,0.4122011541632316
414,202207,ESTATE_SELECT_10_PAY,0.3297609233305853
415,202207,ESTATE_ACHIEVER_PLUS_10_PAY,0.3297609233305853
416,202207,TERM_LEVEL_PREMIUM_TO_75_PAIDUP_20,0.16488046166529266
417,202207,WEALTH_ACHIEVER_PLUS_10_PAY,0.08244023083264633
418,202207,WEALTH_SELECT_10_PAY,0.041220115416323165
419,202208,TERM,66.11878968995144
420,202208,ESTATE_SELECT_PAY_TO_100,5.155024280911468
421,202208,ESTATE_SELECT_20_PAY,4.930892790437056
422,202208,TERM_LEVEL_PREMIUM_TO_75,3.997011580127008
423,202208,TEN_YEAR_TERM_RENEWABLE_TO_75,3.1378408666417634
424,202208,ESTATE_ACHIEVER_PLUS_20_PAY,3.0631303698169594
425,202208,TWENTY_YEAR_TERM_RENEWABLE_TO_75,2.091893911094509
426,202208,WEALTH_SELECT_PAY_TO_100,2.054538662682107
427,202208,ESTATE_ACHIEVER_PLUS_PAY_TO_100,1.6436309301456855
428,202208,WEALTH_ACHIEVER_PLUS_PAY_TO_100,1.3074336944340679
429,202208,WEALTH_SELECT_20_PAY,1.1953679491968623
430,202208,PERMANENT_LEVEL_PREMIUM_PAIDUP_AT_100_EXPIRY_100,1.1206574523720583
431,202208,WEALTH_ACHIEVER_PLUS_20_PAY,1.1206574523720583
432,202208,PERMANENT_LEVEL_PREMIUM_PAIDUP_20_EXPIRY_100,0.8965259618976467
433,202208,TERM_LEVEL_PREMIUM_TO_75_PAIDUP_20,0.5229734777736272
434,202208,CHILD_LIFE_ADVANCE,0.5229734777736272
435,202208,ESTATE_ACHIEVER_PLUS_10_PAY,0.3735524841240194
436,202208,ESTATE_SELECT_10_PAY,0.2988419872992156
437,202208,WEALTH_ACHIEVER_PLUS_10_PAY,0.1867762420620097
438,202208,PERMANENT_LEVEL_PREMIUM_PAIDUP_15_EXPIRY_100,0.1867762420620097
439,202208,WEALTH_SELECT_10_PAY,0.0747104968248039
440,202209,TERM,68.48546659867415
441,202209,ESTATE_SELECT_20_PAY,5.354411014788373
442,202209,ESTATE_SELECT_PAY_TO_100,4.436511983681795
443,202209,TEN_YEAR_TERM_RENEWABLE_TO_75,3.5186129525752166
444,202209,TERM_LEVEL_PREMIUM_TO_75,3.4676185619581847
445,202209,ESTATE_ACHIEVER_PLUS_20_PAY,2.6007139214686386
446,202209,TWENTY_YEAR_TERM_RENEWABLE_TO_75,2.2947475777664454
447,202209,WEALTH_SELECT_PAY_TO_100,1.580826109127996
448,202209,PERMANENT_LEVEL_PREMIUM_PAIDUP_AT_100_EXPIRY_100,1.4788373278939317
449,202209,WEALTH_SELECT_20_PAY,1.3768485466598674
450,202209,ESTATE_ACHIEVER_PLUS_PAY_TO_100,1.2238653748087711
451,202209,PERMANENT_LEVEL_PREMIUM_PAIDUP_20_EXPIRY_100,1.1218765935747066
452,202209,WEALTH_ACHIEVER_PLUS_PAY_TO_100,1.0708822029576748
453,202209,WEALTH_ACHIEVER_PLUS_20_PAY,0.6119326874043856
454,202209,TERM_LEVEL_PREMIUM_TO_75_PAIDUP_20,0.407955124936257
455,202209,CHILD_LIFE_ADVANCE,0.35696073431922487
456,202209,WEALTH_SELECT_10_PAY,0.1529831718510964
457,202209,ESTATE_ACHIEVER_PLUS_10_PAY,0.1529831718510964
458,202209,ESTATE_SELECT_10_PAY,0.10198878123406425
459,202209,WEALTH_ACHIEVER_PLUS_10_PAY,0.10198878123406425
460,202209,PERMANENT_LEVEL_PREMIUM_PAIDUP_15_EXPIRY_100,0.10198878123406425
